emp_no,birth_date,first_name,last_name,gender,hire_date
11777,9/20/1969,Amber,Chicotti,F,5/6/2008
11892,4/6/1993,Chrystal,Sharpless,F,7/20/2006
17976,10/12/1978,Magdalene,Somerscales,F,10/30/2011
14999,3/21/1989,Agretha,Jessen,F,10/2/2012
15371,2/6/1967,Edd,Mance,M,6/11/2013
11566,1/16/1992,Latisha,Bridie,F,12/7/2008
12168,2/22/1975,Sonia,Jozef,F,4/9/2016
17061,7/6/1974,Merrili,Dougliss,F,6/8/2010
12178,10/13/1981,Shel,Allport,F,9/7/2017
19390,1/4/1980,Shannan,Jira,M,12/12/1999
10368,2/21/1989,Perceval,Gallagher,M,11/8/2007
18556,5/18/1983,Kain,Shewan,M,11/22/2012
15619,5/7/1992,Lane,Cosh,M,2/24/2013
17193,8/25/1977,Jayne,Dmiterko,F,8/25/2010
15064,4/21/1968,Briano,Conichie,M,9/6/2013
19989,11/16/1991,Erny,Dines,M,11/17/2015
19735,4/13/1984,Nance,Meadowcroft,F,8/21/2003
16273,4/8/1973,Egbert,Hardage,M,7/7/2006
14159,6/4/1995,Yance,Stendell,M,10/13/2011
14275,2/24/1983,Thorn,Whitebread,M,9/25/2018
14635,6/3/1979,Juana,Lettuce,F,2/8/2010
16247,6/8/1976,Antonia,Peetermann,F,4/9/2017
11946,9/8/1976,Aube,Stiven,M,1/1/1999
16436,1/6/1974,Thorndike,Styles,M,12/3/2008
16787,10/21/1971,Bayard,Stanborough,M,4/7/2018
15710,4/6/1988,Ricki,Mohun,M,7/20/2011
14320,4/29/1990,Tova,Grog,F,6/27/2015
17576,7/10/1978,Phillis,Marriot,F,11/7/2002
16190,8/18/1987,Suzy,Lutwidge,F,3/9/2002
19187,6/13/1982,Frasco,Rugiero,M,10/7/1998
13708,5/10/1971,Gillian,Donisthorpe,F,11/23/1998
19538,11/3/1985,Bobinette,Leven,F,1/5/1999
16077,4/5/1995,Delinda,McKeurton,F,9/30/2016
12563,2/21/1974,Mellisa,Joselovitch,F,2/10/2000
17559,6/29/1988,Viki,Cowmeadow,F,2/7/2008
18838,10/13/1981,Puff,Crosser,M,10/24/1999
13625,10/11/1974,Tudor,Leddie,M,5/17/2003
16637,3/30/1974,Ivett,Ringe,F,2/7/2012
19859,11/4/1991,Nike,Sponder,F,7/5/2019
13971,2/2/1990,Vidovik,Ramsier,M,5/29/2016
18278,2/22/1991,Diandra,Matthias,F,12/11/2015
14695,11/1/1977,Bill,Dyott,F,9/22/2019
12799,1/27/1972,Devina,Thebeaud,F,7/22/2001
19409,10/11/1995,Lindsay,Pieters,M,3/24/2012
10925,1/11/1987,Channa,Puleque,F,1/26/2009
16136,8/21/1993,Ave,Melin,M,1/21/2003
12030,2/22/1969,Kayley,Tolomei,F,5/4/2000
14198,7/30/1983,Kira,Spaule,F,7/12/2012
15530,8/11/1991,Quintana,Asbury,F,6/23/2007
12562,4/13/1988,Caritta,Melarkey,F,11/2/1998
15682,10/27/1982,Cornelle,Marlen,F,5/3/2001
11756,5/30/1979,Julianne,Daelman,F,6/8/2013
14025,5/8/1972,Bradney,Lammerts,M,2/12/2009
11345,3/24/1994,Hyacintha,Arlidge,F,11/8/2002
12228,4/23/1989,Coleman,Cockrill,M,9/30/2015
19374,11/20/1975,Archer,Gaskins,M,2/6/2002
17541,1/29/1985,Sissie,Girardini,F,6/1/2012
18798,5/18/1969,Sissie,Asman,F,3/26/2005
10173,1/16/1991,Rhys,Derell,M,1/13/2017
11696,11/7/1984,Martita,Butterfield,F,2/2/2015
16056,8/1/1994,Amalea,Hector,F,11/24/2009
15499,3/26/1982,Antonella,Minget,F,9/3/2013
10284,12/24/1983,Herschel,Titford,M,10/8/2005
13576,5/19/1994,Norrie,Clempton,M,7/8/2017
18251,1/12/1975,Randie,Schott,M,5/11/2005
12575,7/20/1987,Agneta,Barlass,F,6/14/2001
19183,1/22/1987,Sascha,Yannoni,F,1/10/2010
18177,1/8/1973,Duky,Mitchall,M,10/23/2003
10692,2/16/1973,Bartolomeo,Perillo,M,2/26/2017
13345,6/16/1985,Langsdon,Clinton,M,6/13/2002
10273,4/19/1995,Nils,MacAllester,M,1/9/2009
16370,2/19/1988,Aldous,Ruddick,M,2/1/2014
17632,6/17/1966,Kathi,Stanborough,F,1/26/1999
10275,12/4/1965,Tabb,Rittelmeyer,M,5/20/2015
14270,11/28/1979,Melinda,McLenaghan,F,12/12/2001
16046,5/3/1981,Ebeneser,Blanc,M,10/10/2006
12759,8/17/1986,Vachel,Gartery,M,11/19/2013
16155,2/21/1973,Andres,Spatarul,M,8/16/2015
17218,4/14/1985,Mortie,Mourgue,M,4/19/2002
19124,1/1/1985,Sigismund,Thomasson,M,9/16/2013
11792,12/24/1978,Anatol,O'Concannon,M,7/29/2001
11066,2/15/1974,Hali,Salazar,F,8/7/2002
17003,7/16/1967,Garnette,Druett,F,10/7/2005
18481,8/8/1975,Margaux,Taylder,F,2/2/2011
13662,1/17/1981,Wood,Toth,M,12/14/2015
14443,11/4/1971,Alejandra,Dignon,F,1/13/2002
19921,9/1/1984,Chlo,Onraet,F,2/6/2015
11737,9/22/1976,Peirce,McFee,M,9/16/2012
13546,11/21/1971,Thornie,Nelissen,M,6/3/2014
19883,2/5/1970,Lorinda,Hlavecek,F,12/31/2001
18075,4/26/1990,Annabela,Labusch,F,11/24/2012
10387,9/2/1971,Zackariah,Wykes,M,10/22/2002
18280,5/16/1984,Lynne,Verrillo,F,6/30/2008
10016,10/19/1995,Cathlene,Spiteri,F,3/21/2010
19558,12/5/1994,Marylin,Dorsey,F,8/21/2015
16613,8/11/1981,Donnell,Hiner,M,5/7/2002
18326,2/16/1995,Corilla,Derx,F,2/17/1999
15555,2/18/1978,Kaleena,Szimon,F,7/28/2015
12879,5/10/1970,Muhammad,Dobinson,M,11/11/1998
19428,9/5/1976,Therese,Slaten,F,5/11/2013
12953,5/5/1984,Myrvyn,Kerins,M,9/19/2013
12882,1/20/1983,Caz,McVitie,M,10/31/1998
18521,3/1/1995,Felicia,Payler,F,10/10/2003
12595,1/18/1985,Heall,Bromehed,M,8/25/2011
15230,1/24/1973,Kimble,Clewes,M,3/25/2019
15484,3/1/1977,Ebony,Austick,F,12/18/2002
13190,5/19/1980,Gerry,Abbate,F,9/23/2017
18791,3/29/1994,Ferdinanda,Becker,F,12/16/2015
14801,1/31/1970,Jacquelin,Moriarty,F,6/7/2017
14186,5/15/1978,Grover,Pownall,M,11/30/2008
17380,11/4/1974,Antin,Mordanti,M,4/2/2010
11338,3/24/1967,Gerek,Honeyghan,M,3/12/2007
13631,8/22/1967,Bambie,Bantock,F,8/23/2002
14036,10/29/1995,Knox,Crew,M,2/9/2017
16047,6/5/1969,Jocelyne,Keppe,F,6/2/2004
10391,1/28/1986,Zerk,Treffry,M,10/10/1999
13075,8/20/1977,Bastian,Manicomb,M,1/19/2012
12996,5/9/1978,Myrtia,Shemmin,F,7/9/2013
17895,11/3/1978,Tonnie,Ornils,M,5/4/1999
19362,11/1/1967,Hyacinth,Boatwright,F,7/23/2018
10246,9/9/1972,Gwynne,Wybourne,F,11/14/1999
12668,11/2/1995,Julio,Pillans,M,5/26/2008
18121,10/10/1968,Tersina,Aries,F,3/20/1999
14341,3/30/1972,Helaine,McGavigan,F,4/29/2005
14196,9/21/1989,Fairleigh,Pryde,M,5/31/2001
12193,10/12/1995,Otha,Mattiuzzi,F,3/11/2016
18684,10/29/1969,Lombard,Jays,M,1/20/2004
18682,1/17/1972,Libby,Riordan,F,12/8/2002
14583,2/8/1978,Kayle,Lemmanbie,F,5/11/2007
17549,5/27/1992,Ladonna,Fosher,F,1/6/1999
18252,8/28/1993,Sindee,Drewe,F,9/3/2009
10103,9/22/1982,Constantin,Tomenson,M,4/23/2009
14395,7/1/1994,Wilhelmine,Dodds,F,8/3/2003
11098,2/26/1982,Papagena,Gyves,F,6/30/2015
13732,3/5/1986,Kaleb,Rosettini,M,2/6/2009
11075,1/2/1975,Hendrik,Fynes,M,4/14/2008
17820,9/11/1989,Corty,Bardwell,M,5/14/2010
15799,3/6/1968,Reuben,Aleksankov,M,10/20/2000
14386,5/1/1983,Jolie,Menezes,F,5/4/2019
17168,4/9/1984,Chantal,Woodruff,F,1/15/2016
15550,4/1/1993,Quintina,Ickov,F,5/2/2008
19271,3/23/1971,Benji,Fellgett,M,9/17/2009
19099,5/17/1968,Thain,Persitt,M,3/14/1999
14149,6/26/1987,Roscoe,Halbeard,M,11/14/1999
10901,4/4/1992,Vanessa,Eallis,F,7/16/2005
19463,4/7/1980,Ryley,Dowdall,M,3/8/2006
10033,8/26/1976,Addison,Shreenan,M,3/17/2015
14268,3/3/1982,Amandi,Parkhouse,F,10/14/1999
13985,11/4/1985,Alejandrina,Haseley,F,7/15/2017
16823,8/4/1973,Ransell,Piddle,M,12/7/2005
18099,3/9/1995,Eben,Childrens,M,5/21/2000
10488,2/8/1995,Kennie,Boeter,M,7/20/2010
15780,9/7/1993,Base,Jurczik,M,4/16/2018
14934,6/8/1992,Christiano,Lidgett,M,7/17/2003
11359,7/14/1973,Lothario,Moralas,M,12/26/2014
10861,12/20/1980,Cesya,Mabbs,F,7/25/2007
10726,9/6/1989,Ardene,Elnor,F,3/20/1999
11524,8/1/1971,Jeffry,Wiper,M,9/17/2002
13888,9/12/1977,Rosmunda,Rubbert,F,10/22/2004
13216,10/30/1967,Aprilette,Twinterman,F,3/22/2012
13340,6/19/1987,Eben,Copping,M,11/8/2013
17452,11/14/1975,Denyse,Unworth,F,5/12/2003
18961,10/17/1967,Daryl,Dutch,F,9/21/2010
15356,8/31/1966,Peterus,Chugg,M,6/25/2012
15895,1/24/1993,Evangelina,Lodder,F,2/9/1999
15675,5/20/1973,Daile,Lambrecht,F,5/3/2016
17676,6/26/1992,Alvera,Yonge,F,9/6/2003
11864,7/3/1972,Celeste,Matas,F,7/23/2008
12105,3/13/1992,Deeyn,Gerrans,F,3/9/1999
11550,11/10/1980,Linnea,Nowakowska,F,5/24/2009
11589,4/19/1983,Berke,Tapsell,M,8/24/2009
18809,10/11/1976,Ramonda,Hollows,F,3/31/2015
13977,2/12/1989,Gallard,Cruce,M,7/6/2011
10620,7/23/1971,Allsun,Whinray,F,2/7/2009
12092,11/17/1988,Jacklyn,Berks,F,7/17/2000
19241,7/19/1978,Sisile,Gadaud,F,6/21/2017
10359,12/10/1974,Bartel,Forster,M,12/19/2009
15636,8/25/1979,Christean,Dalman,F,5/22/2014
11149,4/20/1991,Gavin,Pedler,M,9/28/2004
13840,8/19/1978,Hortense,McIsaac,F,5/30/2001
17241,7/17/1978,Aylmar,Whayman,M,3/7/2007
19372,3/12/1994,Jeana,Wigfield,F,10/14/2007
10019,8/30/1988,Flossy,Garnsworth,F,2/2/2017
19114,10/20/1990,Dwain,Witnall,M,8/24/2006
17211,5/11/1983,Brenn,Waterhouse,F,9/29/2001
13843,8/27/1970,Grove,Brockwell,M,3/20/2009
14336,8/30/1972,Beilul,Erwin,F,2/16/2009
12887,6/3/1985,Jennifer,O'Finan,F,4/20/1999
10676,4/3/1974,Matt,Davidesco,M,4/22/2001
16426,5/27/1971,Oran,Lilion,M,12/5/2005
17964,9/26/1972,Birgitta,Cartlidge,F,7/8/2006
15296,2/4/1968,Koressa,Kitlee,F,3/28/2008
11872,3/9/1973,Aggie,Elcy,F,8/5/2009
13507,9/28/1978,Ham,Shower,M,10/27/2000
14044,8/15/1993,Rogerio,Hennington,M,2/25/2015
14792,4/27/1982,Eliot,Leupoldt,M,11/3/2005
14851,8/14/1974,Gypsy,Gascoyne,F,4/21/2010
15539,8/8/1990,Cristen,Wesgate,F,8/10/2009
17156,2/12/1975,Carleton,Nerheny,M,5/28/2001
17296,5/22/1987,Errol,Lackey,M,8/19/1999
16000,3/16/1974,Deane,Cully,F,2/9/2013
13269,5/4/1972,Abel,Skillings,M,10/20/2004
17944,5/3/1985,Astrid,Lodewick,F,11/15/2017
16395,8/4/1979,Charita,Rosnau,F,4/29/2016
19667,3/3/1966,Currey,Richley,M,6/10/2011
18389,1/7/1995,Maureene,Boyson,F,4/3/2002
16708,9/19/1976,Cyrille,Riddler,M,10/31/2001
10908,12/7/1994,Lydon,Biddlestone,M,5/25/2013
14168,10/1/1978,Ulysses,Gabitis,M,2/27/2010
18527,10/31/1974,Allyn,Roast,M,4/27/1999
10775,9/15/1992,Arlyne,Tabourel,F,10/29/2010
17431,3/9/1984,Clare,Cossington,F,6/19/2012
19393,10/14/1980,Zared,Gomersal,M,6/24/2002
19433,12/6/1970,Marcie,Whitford,F,4/11/2012
14206,1/2/1968,Penrod,Jerzycowski,M,11/18/2012
18332,3/9/1982,Elisabet,De Francesco,F,11/12/2010
15958,1/16/1966,Bradford,Rowdell,M,10/2/2009
18191,7/30/1975,Tessie,Hardie,F,9/9/2004
14311,12/8/1990,Meta,Fridd,F,4/7/2011
14035,11/25/1977,Suzann,Alleway,F,10/21/2005
18803,12/27/1981,Gayler,Durram,M,7/9/2003
11731,8/28/1986,Chrisse,Hairsine,M,5/19/2019
13104,6/14/1982,Jorgan,Fairholme,M,11/7/2010
14262,7/2/1991,Tamarah,Jessope,F,11/9/2008
18547,12/15/1987,Cynde,Vanyard,F,2/29/2000
12177,11/12/1986,Corie,Wiltshire,F,2/19/2016
14628,8/12/1971,Pierson,Snodden,M,8/6/2017
12021,3/23/1994,Maridel,Clyburn,F,3/1/2000
18764,8/30/1966,Alf,Todd,M,8/2/2002
14294,2/19/1967,Axe,Acland,M,6/10/2003
18583,7/18/1986,Tarrance,Petz,M,6/2/2014
10836,4/23/1990,Cornie,Ramel,M,4/28/1999
15268,9/12/1975,Drake,Hamsson,M,10/19/2014
17108,12/1/1978,Maurizio,Triggel,M,10/9/2015
18859,6/17/1978,Fey,Woodison,F,2/26/2003
10739,3/9/1990,Marilyn,Dunaway,F,6/28/2004
16996,2/7/1982,Krishna,Jurick,M,2/26/2013
19231,9/21/1973,Devin,Brimilcombe,M,4/19/2000
11438,3/26/1977,George,Chellingworth,F,8/21/2012
15154,9/7/1967,Babs,Bedburrow,F,12/25/2001
13595,1/8/1968,Robinson,Misken,M,3/28/2013
18088,3/1/1986,Alfy,Tames,M,9/20/1999
17065,7/31/1976,Faun,Kield,F,12/13/2000
16182,11/18/1994,Sheffy,Mollitt,M,9/25/2001
13785,6/16/1995,Edin,Bleakman,F,12/20/2007
15454,6/11/1989,Iseabal,Brixey,F,9/13/2019
13794,2/4/1979,Theodore,Semper,M,7/9/2018
17103,6/21/1986,Rolfe,But,M,3/21/2008
19819,4/8/1973,Christen,MacColl,F,5/21/2001
11121,11/3/1969,Hershel,Stuffins,M,8/4/2006
17883,8/8/1971,Addy,Finding,F,12/11/2010
18147,3/6/1991,Barbette,Butterfield,F,6/20/2002
11941,3/20/1985,Silvain,Hanselman,M,6/28/2000
10787,1/17/1995,Diana,Albasini,F,1/27/2019
15909,5/18/1979,Verna,O'Sirin,F,8/10/2002
12948,9/20/1967,Alta,Caris,F,6/25/2003
16953,7/18/1979,Evanne,Seaward,F,4/13/2010
16232,3/19/1976,Wadsworth,Gadie,M,1/24/2015
15194,1/19/1972,Bidget,Domerque,F,1/24/2006
14381,4/14/1983,Lorrayne,McCoveney,F,2/7/2001
12468,10/16/1968,Rochell,Gamell,F,12/27/2009
15968,8/9/1970,Arlette,Astill,F,5/12/2019
15149,11/16/1974,Brantley,Reany,M,4/30/2005
17098,9/2/1994,Delcina,Colson,F,9/19/2006
18507,6/14/1990,Silvio,Harridge,M,4/4/2005
11158,2/14/1988,Kristian,Pretorius,M,11/1/2014
17714,12/2/1973,York,Gipps,M,7/26/2003
12740,12/1/1972,Bella,Simko,F,10/15/2009
14611,8/21/1969,Ronnie,Pechold,M,7/21/2015
18850,4/18/1995,Franni,Kilby,F,11/23/2004
19545,7/10/1973,Bernadene,Levee,F,5/7/2009
16430,9/2/1973,Faina,Looby,F,3/23/1999
12009,8/20/1982,Catha,Balazin,F,11/5/2004
13302,7/24/1981,Westbrook,Lere,M,12/6/2000
18372,5/12/1977,Christophorus,Dunphie,M,3/15/2016
11836,1/29/1972,Jerrylee,Byk,F,7/15/2002
15432,1/3/1982,Stefano,Wattingham,M,11/25/2002
19210,11/5/1981,Coralie,Mitchard,F,8/3/2004
16922,7/22/1992,Adelle,Seed,F,8/23/2011
10163,6/20/1979,Lezley,Raatz,M,3/13/2015
12164,5/19/1983,Ludwig,Writtle,M,6/6/2015
13901,4/7/1994,Derry,Dell'Abbate,M,9/25/2016
10524,1/18/1995,Northrup,Izak,M,3/1/2017
11142,7/18/1983,Malinde,Heeps,F,9/11/2003
15678,1/19/1984,Erminia,Stares,F,3/22/2011
18534,9/17/1987,Sherwin,Scarasbrick,M,4/1/2015
13657,5/23/1993,Jacintha,Pentelo,F,4/10/2008
16242,8/9/1987,Laryssa,McLagain,F,4/13/2015
15824,11/30/1980,Millisent,O'Crotty,F,8/4/2019
16941,8/4/1982,Corena,Denk,F,1/28/2000
10287,1/5/1967,Ricky,Cartwight,M,8/11/2002
15934,8/28/1975,Rourke,Collumbine,M,1/30/2006
13887,3/19/1970,Jarvis,Gammade,M,8/28/2019
18844,6/13/1993,Norbert,Glancy,M,5/15/2007
18327,1/3/1966,Bettye,Beckerleg,F,6/20/2012
17543,1/8/1968,Rochell,Rowen,F,12/28/2015
17004,4/17/1994,Abigael,Francescotti,F,8/27/2010
13589,11/15/1988,Dulciana,Coules,F,2/14/2000
17667,12/9/1986,Davine,MacIlhagga,F,9/3/2016
17121,3/4/1969,Birch,Annetts,M,1/25/2009
12287,11/21/1973,Kyla,Lawling,F,4/9/2013
11984,5/3/1983,Clemmie,Bevis,M,2/14/2013
14597,2/22/1968,Joe,Kerswill,M,9/6/2005
17711,10/2/1977,Tanney,Lowndesbrough,M,1/26/2005
11281,8/19/1978,Theobald,Grieves,M,1/10/2017
11592,2/14/1972,Vladimir,Caverhill,M,11/22/2012
19351,6/22/1969,Antonio,Antic,M,4/3/1999
18248,7/24/1982,Inglis,Baughn,M,12/3/2014
18987,5/6/1988,Aubrey,Dimitrescu,F,10/29/2002
18032,12/3/1982,Jarid,Goodband,M,8/25/2002
16727,1/27/1980,Averyl,Duffan,F,10/17/2013
15767,6/2/1982,Benji,Gronow,M,3/13/2009
19366,8/1/1992,Cecile,Yepiskov,F,1/19/1999
12777,11/20/1979,Vince,Tomet,M,9/19/2015
13976,8/13/1974,Cymbre,Favell,F,8/15/2009
10594,9/26/1966,Levi,Dodswell,M,12/9/2004
13308,3/21/1982,Karee,Werrett,F,12/26/2008
17105,12/8/1984,Mab,Khan,F,10/24/2000
19476,7/12/1985,Merell,Denniss,M,3/24/2000
17634,5/16/1971,Angie,Chaffyn,F,11/29/1999
11877,6/7/1968,Gris,Clissett,M,10/20/2010
19113,3/30/1984,Desdemona,Olivier,F,11/28/2007
11482,11/4/1981,Rosana,Patershall,F,8/23/2008
12560,4/4/1993,Pet,Brusby,F,12/6/2012
19964,11/7/1981,Bab,Redmille,F,5/14/2002
13366,7/24/1974,Lorrie,Joder,M,9/28/2010
12615,5/1/1980,Marcelo,Utton,M,2/14/2007
19913,8/10/1992,Karlik,Wainwright,M,7/16/2007
15722,4/18/1989,Bobbie,Nickless,M,2/4/2014
18013,10/22/1992,Harwilll,Szymon,M,2/18/2015
13271,1/5/1968,Bayard,Tuck,M,11/30/2010
14462,11/28/1992,Nata,O'Hengerty,F,9/23/2015
16348,4/19/1984,Lanni,Pre,F,3/4/2019
16396,8/11/1987,Leland,Melbourne,F,10/6/2001
11260,1/22/1972,Juana,Batman,F,8/30/2006
15942,4/5/1976,Keenan,Bretton,M,1/25/2013
10561,5/11/1988,Kimmie,Hearne,F,4/13/2006
18558,7/16/1991,Casi,Dupree,F,11/3/2012
16758,7/24/1980,Dara,Dixcee,F,2/7/2019
16619,11/30/1981,Montague,Scamadin,M,5/8/2018
19562,10/30/1976,Demetris,Parrot,M,8/5/2000
10204,3/1/1968,Karole,Klich,F,7/5/2003
13854,7/7/1969,Wood,Bosdet,M,11/23/1998
19143,6/12/1995,Dale,Radbourne,M,9/22/2019
14377,3/5/1986,Beau,Witcherley,M,9/27/2002
17155,10/30/1968,Jacenta,Huffey,F,4/26/2009
19373,7/10/1986,Rusty,Dyter,M,11/28/2017
15491,6/1/1985,Morly,Ditts,M,12/22/2002
12672,12/23/1984,Allan,Belsher,M,3/19/2009
18415,1/27/1994,Danette,Barchrameev,F,11/22/2011
18893,2/25/1984,Zachary,Nund,M,1/12/2004
11805,4/22/1976,Nickolaus,Bromehed,M,7/7/2006
16150,8/18/1994,Yard,Cowdray,M,12/18/2013
12229,1/9/1968,Evonne,Francescozzi,F,11/19/2001
15147,10/28/1979,Pattin,Del Monte,M,3/11/2002
19694,5/16/1970,Opaline,Barttrum,F,1/31/2018
10381,11/6/1971,Hilde,Sommer,F,9/5/2001
19983,5/31/1991,Harper,Ducker,M,12/22/2013
16773,10/4/1988,Joanie,O'Dee,F,12/28/2001
12118,6/24/1978,Auberta,Decker,F,8/26/2018
14516,5/27/1993,Finn,Gell,M,2/14/2012
10960,1/26/1995,Hermon,Castiglioni,M,10/24/2011
13690,3/5/1978,Christian,Clink,M,4/26/2014
19094,12/1/1981,Parke,Woodsford,M,8/19/2008
12414,12/6/1979,Finley,Gothup,M,9/14/2010
18976,2/13/1987,Tracie,Kinney,M,1/13/2005
18922,9/13/1982,Loralee,Laviste,F,1/15/2007
13562,11/7/1967,Dickie,Attiwill,M,2/22/2017
13421,12/26/1981,Cory,Broomhall,F,3/26/2004
14829,3/31/1966,Packston,Milburne,M,1/29/2019
14315,2/11/1970,Pamella,Vittore,F,3/4/2002
13950,12/31/1982,Brooks,Joseland,M,2/12/2011
13767,10/14/1975,Theodoric,Rojahn,M,11/11/2014
18944,3/20/1969,Ferris,Joddens,M,7/9/2017
14436,6/11/1971,Bearnard,Janzen,M,4/10/2013
18591,12/5/1994,Clark,Patey,M,12/26/2016
14912,1/24/1970,Peggy,Sarll,F,8/5/2010
19346,11/18/1974,Tana,Gatchell,F,8/1/2017
10574,6/24/1985,Anselm,Noulton,M,1/16/2019
13695,1/25/1983,Raine,Constant,F,3/11/2017
16722,11/18/1989,Marjy,Argue,F,10/25/2018
12828,6/28/1971,Thor,Eberle,M,6/13/2011
10879,2/28/1992,Lorita,Meenan,F,4/18/2010
10412,6/9/1971,Lynn,Rouf,M,3/23/2006
13694,6/17/1994,Kimbell,Tellwright,M,5/28/2002
11802,7/29/1968,Elfrieda,Gathwaite,F,12/2/2011
16530,1/26/1973,Reinaldos,Kopmann,M,2/18/2000
11255,7/20/1972,Alfonso,Plumer,M,1/14/2000
13182,7/12/1973,Morten,Searight,M,7/4/2011
14697,10/28/1973,Felipe,Brisley,M,6/16/2008
14499,3/29/1966,Constance,Murrey,F,1/23/2002
17037,5/5/1974,Pierson,Lingard,M,10/15/2010
17477,1/14/1989,Griffin,Ayres,M,11/20/2017
11185,10/5/1993,Lucie,Fresson,F,11/1/2011
13032,7/28/1966,Luigi,Murtagh,M,3/23/2009
11229,8/3/1982,Jocelin,Jeffray,F,12/19/2012
13462,2/12/1990,Teddie,Walework,M,2/21/2011
14813,10/12/1976,Petey,Brazer,M,5/10/2015
17030,7/25/1971,Dyanne,Zorzetti,F,11/12/1999
17757,1/29/1990,Gardy,Barnish,M,9/15/2004
19140,4/10/1967,Stearn,Rafter,M,8/11/2012
16235,10/2/1976,Lamond,Mancktelow,M,6/3/2012
19513,9/17/1979,Jefferson,Wilsee,M,5/25/2016
11754,7/16/1992,Wallache,Cockrem,M,2/25/2009
10912,4/18/1969,Scotty,Miners,M,5/23/2009
19646,3/31/1980,Colet,Hanniger,M,12/30/2011
19107,4/2/1992,Clea,Espinheira,F,11/26/2013
13530,1/5/1977,Coralie,Carmont,F,4/15/1999
10069,1/24/1969,Nadean,Garcia,F,2/23/2007
15548,10/9/1990,Cybil,Leggat,F,10/10/1998
14213,7/30/1973,Verge,Fadden,M,12/6/2002
10492,5/6/1984,Nickie,Nuttey,F,7/30/2009
17149,1/3/1985,Hasheem,Binge,M,3/26/2017
19464,7/6/1987,Sybille,Landsman,F,4/21/2008
10358,11/5/1981,Cheri,Sudlow,F,12/20/1999
19886,5/11/1986,Gale,Boller,M,4/12/2001
19811,3/12/1986,Tad,Wycliff,M,1/28/2011
13897,7/2/1985,Lief,Pien,M,8/27/2012
18892,9/24/1984,Markos,Molfino,M,7/7/2014
18265,4/2/1995,Thomasa,Lorryman,F,12/30/2007
13315,5/16/1978,Horace,Boughen,M,6/1/2016
12088,4/5/1969,Maggy,Lerohan,F,12/24/2014
18111,7/15/1985,Nikoletta,Peto,F,5/2/2000
11492,10/17/1972,Stavro,Lascelles,M,7/5/2012
12821,10/31/1981,Giselbert,Griffin,M,1/15/2012
19122,3/10/1993,Giles,Kaasman,M,12/2/2009
10303,4/19/1984,Candi,Caig,F,11/15/2005
12765,6/6/1983,Derrick,Norheny,M,10/12/2013
10813,7/14/1967,Manda,Scuse,F,7/1/2018
17481,2/7/1980,Alonso,McCarver,M,8/29/2010
10406,7/8/1989,Archibold,Killby,M,5/30/2004
16103,7/17/1974,Sianna,Dank,F,11/14/2013
16005,6/19/1972,Clementine,De Domenicis,F,11/30/2016
14424,11/24/1985,Betsey,Dyche,F,5/28/2005
14496,3/4/1974,Pru,Ivanitsa,F,12/14/1999
14279,5/25/1993,Carry,Fegan,F,11/27/2014
13050,8/25/1966,Dannie,Todhunter,M,6/23/2003
15125,5/22/1974,Tiffanie,Fletcher,F,5/10/2002
18862,5/6/1970,Ketty,Golthorpp,F,6/30/2007
17247,7/29/1987,Stefa,Hendrix,F,4/9/2019
13404,10/8/1978,Cate,Bedberry,F,5/12/2003
13493,3/25/1989,Kelsey,Aulton,M,3/8/2006
12510,4/2/1978,Terry,Stannis,M,4/13/1999
13460,4/10/1991,Herschel,Mayfield,M,3/9/2011
19750,11/21/1965,Susann,Dungate,F,10/28/2015
19732,5/20/1984,Mickie,Ramsby,F,4/23/2018
19908,4/4/1989,Tonia,Jeffry,F,11/18/2005
16064,12/11/1987,Ardelis,Risely,F,6/25/1999
10338,9/2/1969,Dell,Pollastro,M,2/7/2018
17887,10/12/1995,Archie,MacNeilly,M,8/25/2002
10340,1/31/1991,Melly,Skilton,F,12/7/2006
10202,9/20/1990,Noak,Nockles,M,4/1/2006
14490,12/25/1992,Aube,Hemphill,M,1/28/2006
15476,12/23/1992,Stacee,McClinton,M,2/2/2018
12803,10/29/1971,Grissel,Goodall,F,2/16/2006
10094,2/14/1993,Sebastian,Meechan,M,6/11/2006
16412,8/18/1990,Cecil,Vooght,F,9/5/2009
13094,5/4/1969,Elane,Giorgioni,F,11/9/2018
14952,12/15/1982,Trula,Chessill,F,3/22/2012
10518,3/23/1978,Sigmund,Harms,M,2/24/2000
10383,4/25/1975,Mehetabel,Wasselin,F,5/21/2016
10604,9/10/1971,Thorin,Ivkovic,M,1/16/2008
11364,10/20/1970,Nappy,Laborda,M,5/1/2018
12171,3/3/1972,Devi,Ritchman,F,8/17/2003
18543,12/18/1971,Cathryn,Benka,F,1/10/2019
10128,3/9/1979,Babbette,Beneze,F,3/9/2013
15436,7/24/1985,Winifield,McRonald,M,1/19/2000
11633,8/9/1993,Fallon,McHale,F,10/21/2015
18199,7/25/1990,Ryon,Dufoure,M,9/6/2007
12602,3/14/1981,Hardy,Pierpoint,M,12/23/2008
10507,12/16/1984,Monti,Youson,M,5/20/2017
17364,7/15/1983,Iris,Mabbe,F,11/27/2004
19371,2/5/1968,Myrilla,Foot,F,4/16/2001
12032,6/15/1978,Octavius,Lindenstrauss,M,9/2/2005
18175,3/15/1970,Jasmine,Towne,F,3/10/2015
10211,5/9/1991,Jesse,Belchamber,M,2/4/2008
17999,12/12/1991,Bryna,Prince,F,10/21/2015
16316,2/28/1975,Luciano,Sevin,M,3/8/2002
11973,12/25/1985,Tadd,Uden,M,12/31/1998
15103,1/25/1977,Coleman,Rhoddie,M,1/25/2014
10269,6/15/1968,Isidoro,Mowatt,M,12/30/2006
10111,1/21/1994,Missie,Prior,F,12/24/2005
17524,3/29/1974,Tootsie,Youngs,F,1/23/1999
16709,4/14/1979,Royce,Riccard,M,1/11/2016
13975,11/29/1991,Jenelle,Branche,F,6/20/2004
17823,10/13/1982,Tyrus,Pavlasek,M,8/11/2009
14950,2/28/1991,Berti,Haquin,F,5/22/2010
11005,5/3/1967,Claire,Fruchon,M,11/15/2008
14486,11/13/1967,Ceciley,Filyakov,F,9/13/2004
17351,5/11/1990,Ogdon,Patrick,M,12/16/2012
14339,3/14/1976,Bridget,MacKill,F,3/7/2018
13004,9/10/1990,Rodolph,Pratley,M,6/26/2015
18883,1/3/1985,Chastity,Maccaddie,F,4/18/2003
16711,2/11/1991,Hilarius,Counter,M,3/29/2012
18562,2/17/1984,Moira,Guppie,F,8/7/2001
10724,9/16/1993,Alison,Olenov,F,2/27/1999
15060,12/25/1994,Odelinda,Mara,F,12/25/2009
14789,8/24/1994,Laurie,Righy,F,11/25/2017
15488,8/12/1984,Ethyl,Beet,F,11/1/2011
19832,4/16/1988,Terrance,Domerque,M,12/16/2017
17014,9/16/1991,Johnna,Hames,F,12/5/2006
14397,9/21/1971,Udall,Allbones,M,11/6/2012
12008,7/26/1983,Edmund,Grumell,M,1/2/2012
13784,1/10/1973,Chiquia,Borley,F,10/22/2010
13714,11/6/1991,Hortensia,Beeken,F,5/7/2013
17952,11/3/1984,Clarie,Clowsley,F,9/21/2009
15413,1/28/1972,Hubie,Olivetta,M,2/28/2011
17077,6/26/1978,Conny,Mallatratt,M,7/27/2005
15058,7/26/1995,Lesley,Rowcastle,M,9/1/2017
15223,5/7/1978,Leora,Commings,F,8/2/2007
14103,3/13/1975,Toddie,Beadnall,M,12/28/2012
14251,11/20/1994,Roley,Scammonden,M,6/13/2004
15611,8/12/1976,Barde,Ainscow,M,8/6/2008
16542,6/12/1974,Dill,Guttridge,M,5/10/2008
11641,3/15/1987,Geoff,Thames,M,8/23/2005
16191,3/24/1978,Aindrea,Hatcher,F,12/11/2017
10526,8/30/1993,Baudoin,Phillps,M,1/9/2010
15052,10/5/1980,Rhodia,Hassen,F,5/21/2009
11691,6/13/1970,Gene,Rodmell,F,7/6/2016
17535,1/11/1991,Clifford,Shafe,M,11/25/2002
14526,5/24/1990,Ferdinand,Waterstone,M,2/1/2012
16082,4/4/1973,Theodor,Dreini,M,12/1/1998
15269,9/13/1970,Stirling,Pendergrast,M,6/14/2015
16236,12/16/1992,Vivianna,Astall,F,3/4/2009
14245,7/20/1973,Lorilyn,Hudghton,F,2/25/2015
15932,11/25/1979,Ardella,Curtois,F,3/30/2003
10789,6/3/1968,Katlin,Ochterlony,F,6/26/2012
18076,8/9/1988,Meggy,Sayers,F,9/20/2014
19251,11/8/1975,Ileana,Halshaw,F,8/23/2005
17151,5/23/1986,Agna,MacNess,F,3/25/2016
11847,11/3/1979,Starla,Finnis,F,5/30/2016
17681,5/1/1972,Esther,Carabine,F,10/16/2010
11682,6/5/1983,Alvan,Broadbere,M,12/16/2017
11634,2/27/1994,Pablo,Dagwell,M,3/31/2003
10711,3/7/1994,Marge,Vizor,F,1/19/2017
10673,4/13/1995,Jacquelin,Patesel,F,4/7/2013
12082,5/17/1993,Fitz,Croizier,M,5/15/1999
12380,9/18/1975,Katlin,Stoter,F,2/8/2004
13659,5/11/1993,Ginnifer,Dun,F,10/27/2007
15411,5/14/1988,Dynah,Peasee,F,11/11/2009
11245,9/19/1983,Stephenie,Vischi,F,6/14/2013
13463,5/1/1986,Hansiain,Scarff,M,7/20/2009
15100,5/28/1975,Alleyn,Banes,M,12/1/2017
15726,8/21/1982,Burnaby,Acres,M,1/27/2017
10637,3/11/1971,Osbourn,Degue,M,1/25/2013
10266,9/18/1978,Frank,Greenig,M,8/25/2016
18542,3/16/1980,Pietrek,Jaeggi,M,8/17/2008
11393,3/26/1971,Chrissie,Sarll,F,7/31/2010
18364,10/28/1979,Harrie,Christophe,F,4/13/2015
19172,8/2/1991,Norbert,McCaffrey,M,9/15/2016
11343,3/13/1990,Odelle,Edlin,F,10/20/2008
18511,8/3/1976,Aymer,Lesley,M,6/11/2007
10003,10/10/1968,Hurleigh,Biesty,M,7/14/2016
10794,2/2/1988,Billi,Roads,F,2/10/2011
15911,5/18/1980,Benny,Elphinstone,F,4/25/2013
15713,3/26/1989,Zaneta,Stribling,F,12/21/2008
19711,7/7/1978,Winonah,Whitesel,F,3/14/2001
10248,7/9/1989,Louie,Van Ross,M,6/5/2019
18056,2/25/1980,Barrett,Hearty,M,11/24/2015
12078,9/12/1986,Taddeusz,Covington,M,4/10/2004
16645,7/16/1986,Napoleon,Vinau,M,3/14/2016
11191,8/11/1974,Gaylord,Yankov,M,9/3/2008
19436,9/25/1990,Alaine,Gammill,F,11/27/1998
11939,10/23/1982,Alessandro,Speenden,M,5/18/2012
16978,1/20/1991,Eddy,Tardiff,F,11/4/2018
15249,6/6/1989,Dmitri,Signori,M,5/18/2017
15324,3/5/1968,Camellia,Ghidetti,F,9/13/2011
14151,3/24/1991,Marthe,Archdeckne,F,4/13/2017
17327,10/9/1988,Eda,Wigginton,F,1/4/2005
19437,11/23/1988,Siegfried,Tace,M,6/5/2018
18899,7/7/1966,Kimmi,Gatecliff,F,2/2/2003
16184,11/21/1979,Gladys,Van Cassel,F,9/8/2000
15694,2/24/1975,Ulrikaumeko,McKeighan,F,1/14/2018
16939,8/29/1970,Nerty,Sweetzer,F,8/8/2008
10827,3/10/1973,Montgomery,Wais,M,6/26/1999
17688,5/5/1970,Rodrigo,Banasevich,M,6/14/2000
14207,6/24/1966,Sonja,Yukhtin,F,5/16/2008
17907,1/22/1982,Mauricio,Trayling,M,4/17/2004
15492,2/15/1980,Vaughan,Di Filippo,M,11/29/2005
11548,3/8/1974,Keely,Doswell,F,4/17/2004
18830,10/26/1990,Jyoti,McIlwrick,F,6/29/2004
16589,12/1/1982,Brok,Aasaf,M,2/25/2016
14241,6/16/1984,Gregory,Duthy,M,9/5/2009
19818,6/2/1973,Leila,Grigg,F,10/15/2005
10043,8/7/1980,Rheta,Rendell,F,3/14/2007
10102,12/6/1979,Tremaine,Vondrak,M,4/23/2010
15809,7/15/1992,Rosana,Shefton,F,3/19/2000
19092,10/15/1969,Federico,Halliday,M,8/27/2006
19154,1/10/1972,Dasi,Habard,F,3/9/2014
12752,7/21/1980,Catherina,Harry,F,2/19/2000
16454,7/20/1967,Arlina,Gobert,F,9/13/2015
14511,11/19/1984,Siana,Vlach,F,9/20/2012
12366,4/18/1967,Ronica,Branwhite,F,1/14/2014
19491,8/18/1977,Gert,Stokell,F,12/27/2008
15382,1/9/1984,Obie,Golton,M,2/4/2009
16713,8/23/1970,Frasco,Ingliby,M,3/20/2001
15721,11/16/1981,Gifford,Haxbie,M,6/23/2019
16317,5/20/1989,Irving,Cicco,M,11/12/2006
19831,2/1/1970,Stacy,Brill,F,7/19/2003
19681,10/23/1977,Allianora,Chessum,F,11/20/1999
11144,2/26/1982,Davis,Apted,M,7/22/2001
16371,11/16/1990,Leonidas,Lock,M,10/7/2015
11796,1/24/1980,Taber,Louthe,M,12/19/1998
10803,6/25/1972,Graehme,Derrell,M,11/30/2002
15885,1/5/1971,Corbet,McBrady,M,9/14/2017
16483,10/1/1995,Jeanine,MacKibbon,F,12/23/2011
11041,10/6/1979,Othilie,Fairbrace,F,12/10/2000
19317,1/9/1981,Zacharia,Maffetti,M,8/12/2010
13760,5/9/1979,Maximo,Dyhouse,M,2/5/2006
11017,5/5/1994,Inglis,McCumesky,M,10/14/2002
14317,1/12/1991,Carleen,Dunne,F,1/1/2001
14517,12/20/1975,Nicolea,Crisell,F,8/6/2000
16417,6/21/1971,Shayne,Barras,M,1/15/2000
16173,9/29/1985,Donelle,Edgeler,F,4/8/2000
11047,6/1/1980,Kathrine,Stockey,F,3/6/2018
18581,9/9/1989,Kittie,Gardner,F,4/3/2000
19851,11/29/1994,Elaine,Offord,F,4/24/2011
16122,7/3/1966,Von,Follan,M,6/25/2006
14574,1/28/1973,Timofei,Dennehy,M,5/14/2005
19323,9/14/1995,Todd,Mecchi,M,2/26/2008
10448,5/10/1994,Giorgio,Cruden,M,5/6/2007
17760,4/25/1986,Rachael,De Ruggiero,F,4/24/2000
11040,7/24/1987,Corena,De Benedictis,F,4/25/2019
15540,8/26/1989,Ashley,Beinke,M,2/3/2012
19333,1/14/1971,Domenic,Duquesnay,M,5/28/2018
15025,7/26/1985,Carlie,Surcombe,M,6/7/2010
17793,2/9/1975,Ree,Beswetherick,F,8/4/2002
18299,5/19/1984,Laughton,Marquot,M,8/10/2013
11739,4/22/1966,Robbin,Pitrollo,F,10/6/1998
11340,6/7/1989,Eada,Yegorchenkov,F,8/23/2016
18505,7/6/1994,Doria,Mangon,F,9/1/2005
19749,6/18/1980,Torry,Croix,M,6/24/2001
12412,10/16/1974,Garvy,Walbrook,M,2/16/2010
17777,7/14/1983,Sherline,Bernette,F,5/29/2009
14156,9/16/1974,Courtnay,Turri,F,12/18/2014
16451,1/26/1995,Thedrick,Broadberry,M,10/1/2014
13065,5/26/1967,Benson,Exelby,M,4/19/1999
19007,7/31/1981,Alessandro,Losselyong,M,4/8/2011
11483,3/5/1975,Dani,Matuskiewicz,M,9/2/2016
15429,1/11/1979,Giulio,Mossop,M,3/16/2018
11673,9/15/1975,Egon,Berfoot,M,3/14/2012
18071,9/6/1972,Davida,Winsor,F,5/30/2008
17801,9/13/1988,El,Gillespey,M,5/12/2009
12800,12/13/1990,Sim,Swann,M,1/28/2017
10625,2/17/1994,Pippo,Blowin,M,2/12/2009
10318,8/25/1987,Rosanna,Jephson,F,4/6/2006
11230,10/28/1982,Bianca,Bothie,F,5/9/2008
19680,2/3/1981,Loydie,Thurston,M,5/9/2018
15526,8/10/1978,Iver,Del Monte,M,8/28/2003
12320,8/8/1992,Wilmar,Kop,M,7/25/2003
19793,10/24/1985,Alric,Stollmeier,M,2/24/2011
14064,11/11/1967,Brig,Severn,M,1/15/2007
18912,11/29/1982,Darill,Skelbeck,M,3/1/1999
11753,4/5/1966,Sela,Morant,F,9/12/2001
17022,5/31/1977,Linus,O' Cuolahan,M,4/14/2007
19529,2/5/1977,Randene,Josifovitz,F,4/2/2012
13944,8/11/1978,Lida,Bednall,F,11/21/2006
14163,3/17/1983,Eberto,Twamley,M,5/25/2017
11646,4/26/1983,Devinne,Nott,F,3/9/2004
10465,7/3/1971,Armstrong,Tolchard,M,6/4/2000
18793,1/9/1981,Lon,Blissitt,M,7/26/2016
16142,8/2/1981,Sadella,Sultan,F,8/4/2008
18057,3/12/1978,Madella,Harlett,F,8/20/2018
10038,2/4/1985,Ban,Webb,M,3/4/2000
18417,12/21/1972,Ahmed,Cagan,M,5/28/2005
10078,10/25/1990,Juliane,Jepson,F,8/13/2014
11800,4/3/1992,Bale,Worman,M,1/18/2010
17411,11/13/1975,Ilse,Durrand,F,2/10/2001
12534,1/12/1982,Devina,Schanke,F,8/12/1999
16684,7/29/1979,Phylis,Heinrich,F,5/13/2014
11831,3/7/1966,Moishe,Santhouse,M,4/28/2018
18664,4/22/1967,Mina,Matussevich,F,10/9/2007
18293,6/9/1988,Leesa,Passey,F,6/5/2011
19585,11/5/1982,Griffy,Berecloth,M,7/1/2012
14984,2/1/1980,Fredra,Iveans,F,4/17/2017
16111,7/30/1994,Maurise,Sekulla,M,1/12/2017
17007,3/30/1991,Gaylene,Egginton,F,9/23/2013
17630,9/16/1978,Tybalt,Loffhead,M,7/12/1999
13428,3/7/1985,Zane,MacMarcuis,M,8/1/1999
16987,9/24/1992,Josepha,Alcock,F,8/11/1999
10603,11/10/1967,Selig,Fatkin,M,12/27/2010
13278,8/14/1979,Lauren,Wilbud,F,11/18/2010
19982,3/19/1995,Ollie,O'Logan,M,7/26/2012
10992,6/22/1984,Byram,Lownes,M,9/9/2002
19534,7/18/1988,Danny,Reeks,F,3/7/2009
16336,4/30/1978,Janine,MacDearmid,F,9/29/2018
12969,12/31/1985,Evania,Aizikov,F,1/17/2007
10214,9/12/1971,Amaleta,MacInnes,F,9/17/2001
10607,10/30/1971,Vaughan,Caldwall,M,3/20/2007
11333,9/24/1978,Edgar,McAless,M,3/20/2003
15362,5/2/1993,Thain,Jikylls,M,5/11/2000
15175,11/9/1965,Levon,Filipowicz,M,6/15/2014
11793,8/17/1966,Rolph,Auty,M,6/14/1999
19348,5/20/1975,Dannie,Vasiljevic,M,5/24/2016
15531,5/31/1969,Baudoin,Le Maitre,M,2/28/2001
10020,6/23/1987,Kipp,Blaney,F,5/16/2014
17758,4/27/1988,Kiele,Hollyer,F,2/12/2017
13304,4/30/1990,Hailee,Blyth,F,9/29/2000
11039,1/6/1987,Jozef,Dufore,M,12/13/2011
15343,4/27/1972,Sawyer,Slewcock,M,7/28/2009
18974,8/29/1992,Micheil,Ough,M,9/7/2019
14862,4/28/1983,Chet,Sander,M,1/19/2009
11608,3/29/1974,Hermann,Fenelow,M,5/6/2000
14380,5/2/1970,Clevie,Margach,M,12/9/2017
12219,8/29/1974,Jeri,Knoller,F,7/29/2013
13389,1/9/1971,Kent,Bundock,M,7/15/2003
15094,5/3/1989,Talbot,Tully,M,8/28/2001
10983,11/10/1981,Ebenezer,Bertomeu,M,9/12/1999
11721,12/13/1984,Donnie,Szapiro,M,1/16/2018
14349,1/9/1989,Allina,Cowdry,F,3/11/2004
16873,10/24/1983,Alexandre,Nenci,M,7/5/2004
10868,9/24/1970,Franzen,Seel,M,4/14/2000
16006,5/9/1992,Llywellyn,Domoni,M,11/12/1999
11990,4/27/1988,Homere,Loutheane,M,3/2/2000
17866,8/12/1972,Gregoire,Sheringham,M,9/22/2012
15533,11/4/1974,Geordie,Pauel,M,5/28/2011
19539,3/13/1987,Marin,Hanratty,F,5/29/2012
19567,10/6/1995,Ali,Forryan,M,1/11/2001
14306,8/14/1968,Tabbatha,Vaughten,F,6/2/2015
15881,2/19/1993,Gayle,Harmar,M,5/16/2013
19765,8/8/1973,Noellyn,Eronie,F,10/11/2017
10200,11/9/1987,Dena,Pawlata,F,8/25/2003
10712,6/2/1984,Stanford,Weeds,M,11/29/2013
11619,1/13/1966,Cassius,Oatley,M,5/14/2014
17536,8/30/1995,Lindsay,MacSharry,M,9/5/2010
19862,6/8/1979,Astra,Dubique,F,10/8/2003
15287,10/11/1983,Chere,Jancy,F,9/17/2007
11134,1/24/1995,Bard,MacCrossan,M,3/15/1999
19391,9/29/1971,Sashenka,Sampey,F,1/11/2008
11654,9/3/1988,Shana,Whetton,F,10/3/2017
17915,1/21/1977,Prentice,Caves,M,8/25/2008
14244,9/15/1969,Simeon,Labro,M,7/27/2001
15399,8/23/1982,Taffy,Warland,F,8/11/2017
12106,2/15/1972,Darrell,Burnsall,M,5/27/2008
15393,6/24/1967,Morganne,Crowley,F,10/24/2009
16292,11/17/1972,Minne,Propper,F,11/30/2011
10820,1/15/1970,Cornie,Carnock,F,7/19/2014
14411,9/11/1968,Kayle,Pitherick,F,12/23/2004
17290,9/24/1986,Madella,Burge,F,9/11/2002
16149,5/19/1981,Brittne,Simoes,F,7/2/2002
17371,3/19/1969,Ericka,Greatrex,F,10/4/2010
19910,6/3/1969,Fionnula,Trustrie,F,6/19/2008
16733,2/25/1969,Jacobo,Jedras,M,4/26/2017
17727,5/29/1984,Dacey,Tonsley,F,9/8/2003
12498,11/27/1969,Katrina,Weigh,F,1/18/2012
15433,5/5/1992,Nelli,Wartnaby,F,7/25/1999
19993,9/24/1967,Fields,Scotchmer,M,10/25/2015
16657,2/11/1967,Alano,Dumphrey,M,8/18/2011
11116,5/1/1969,Mathew,Tregiddo,M,9/26/2016
15965,7/18/1991,Leon,McAlpin,M,10/11/2016
15019,4/4/1969,Gillian,Yellowlee,F,8/28/2004
15522,10/13/1973,Gail,Dunderdale,M,1/5/2009
14169,5/15/1990,Garfield,Ormerod,M,10/5/2006
18052,3/13/1972,Kennan,Novak,M,9/30/2013
17482,12/8/1980,Justine,Durston,F,5/25/2007
11249,9/30/1984,Friedrich,Dzeniskevich,M,5/25/2007
16705,1/13/1975,Wyatt,Stallard,M,6/18/2001
11790,7/11/1988,Minor,Dumbrill,M,3/11/2002
10765,4/7/1979,Elianora,Olman,F,10/29/2001
17586,9/25/1970,Lindsy,Breedy,F,5/23/2002
13444,3/9/1967,Itch,Drewes,M,1/21/2018
13733,12/17/1975,Darren,Collens,M,11/23/2010
12458,4/4/1971,Mufi,Bahl,F,5/22/2008
10511,7/22/1993,Shoshanna,Candish,F,9/18/2003
13136,2/17/1992,Cort,McRitchie,M,3/3/2014
12455,10/17/1995,Allianora,Chiplen,F,5/22/2006
16973,11/30/1992,Galvin,Shardlow,M,6/6/2017
16760,11/26/1980,Elia,Northrop,M,7/10/2014
17144,8/11/1983,Justinian,Bunker,M,12/26/2014
18185,9/13/1982,Verine,Hutfield,F,8/11/2012
17788,2/24/1978,Adham,Golightly,M,6/26/2006
19738,10/11/1982,Kaleb,Sedgeman,M,8/7/2013
13876,9/25/1984,Artair,Gillam,M,8/17/2003
11057,6/4/1988,Nicola,Bradburn,M,11/5/2004
12218,11/6/1985,Bliss,Challenor,F,12/28/2014
11738,4/30/1989,Clyve,Fortnam,M,4/22/2000
12744,5/20/1968,Sharon,Dalley,F,6/18/2011
19376,7/12/1973,Hercule,Kelshaw,M,9/10/2011
16124,11/6/1983,Aprilette,McNabb,F,10/17/2012
13849,1/28/1979,Rex,Zanre,M,6/18/2005
14894,10/3/1992,Cristiano,Kits,M,3/27/2005
16474,6/8/1967,Mellisent,Mickleborough,F,12/10/2017
12984,3/10/1974,Dido,Duckers,F,7/11/2016
14181,6/7/1995,Banky,Jordine,M,5/9/2019
10217,9/27/1968,Judah,Bracci,M,12/27/2015
14492,4/22/1970,Ketti,Autie,F,8/23/2008
13563,8/26/1970,Kermie,Featley,M,6/16/2004
18626,8/30/1981,Livy,Khristoforov,F,12/9/2011
14784,3/24/1977,Miranda,McSperrin,F,5/12/2015
17527,7/23/1976,Elias,Worrill,M,8/23/2011
18479,5/25/1984,Zaria,Stabler,F,12/9/2007
19671,11/16/1973,Raimund,Noon,M,5/15/2004
10978,5/28/1971,Patti,Newis,F,8/6/2016
15758,12/5/1988,Andonis,Hlavac,M,11/20/2007
12153,1/1/1976,Reynolds,Twittey,M,1/13/2005
19533,1/6/1972,Tirrell,Negri,M,5/27/2016
11998,8/21/1973,Rockwell,Egger,M,5/12/2009
10556,6/20/1969,Bertie,Esslement,F,3/28/2011
18923,3/10/1988,Francesca,Navan,F,9/4/2013
12397,9/27/1969,Pier,Crickett,F,7/5/2013
12667,10/15/1992,Ramsey,Dearlove,M,6/26/2007
13030,6/6/1992,Baird,Brychan,M,3/6/2004
18886,8/17/1978,Tallia,Benthall,F,1/7/2005
10341,3/11/1968,Aleksandr,Featley,M,6/30/2016
10533,10/18/1992,Holt,Stonestreet,M,5/21/2010
13452,4/15/1977,Moselle,Cattach,F,10/25/2016
11458,7/15/1975,Ansel,Stringfellow,M,8/27/2001
19579,10/1/1974,Alfonse,Di Matteo,M,12/20/2012
12465,2/12/1985,Felicio,Stickells,M,5/20/2004
16510,10/2/1994,Armstrong,Podd,M,8/7/1999
14441,11/28/1982,Dorie,Skelcher,F,3/16/2013
11202,3/29/1987,Rasla,Lecointe,F,1/21/2004
14512,10/28/1992,Anatol,Durtnall,M,11/27/2010
15026,10/25/1981,Kissie,Alldre,F,7/13/2012
12990,5/18/1975,Juliane,Baudon,F,6/12/2010
14513,7/23/1972,Forbes,Lackney,M,5/15/2016
19637,8/12/1979,Ulrikaumeko,Shreve,F,7/7/2015
18192,4/27/1995,Ansel,Eilhertsen,M,4/30/2018
19647,4/7/1974,Evvie,Harrington,F,1/30/2019
12551,12/6/1968,Dasya,Skrzynski,F,10/10/2006
18384,1/13/1992,Nicola,Tolcharde,M,1/17/2008
17086,6/22/1966,Nada,Yackiminie,F,6/8/2019
16208,6/24/1990,Corella,Berrane,F,1/29/2000
10180,2/16/1972,Aldis,Evins,M,11/24/2001
16444,6/9/1971,Deny,Worpole,F,1/6/2018
14987,5/13/1985,Graehme,Bayless,M,12/2/2012
12836,5/26/1973,Bailey,Hassent,M,10/17/2009
10515,2/26/1992,Daniel,Peter,M,8/7/2018
16671,8/21/1967,Clerc,Allitt,M,5/8/2008
14399,12/10/1980,Hadria,MacAskill,F,3/16/2007
11435,9/28/1979,Hillier,Visco,M,3/22/2017
17723,12/23/1982,Marni,Iceton,F,11/15/2000
11232,11/4/1967,Rori,Vampouille,F,10/12/2017
15599,5/31/1991,Josefina,Doyle,F,8/25/2001
13885,10/5/1976,Mendy,Ludgate,M,11/15/2011
13505,3/14/1971,Rudolfo,Hafner,M,11/9/2012
11516,8/6/1993,Donna,Berrycloth,F,10/31/2015
17905,10/15/1967,Gawain,Troutbeck,M,10/8/2005
14126,4/29/1988,Lucas,Skinn,M,11/3/2017
14795,10/20/1978,Ardyce,Sancroft,F,12/6/1999
13954,10/13/1974,Tedmund,Penvarne,M,1/17/2012
12877,7/1/1982,Vinni,Harlow,F,7/22/2006
13547,4/13/1991,Ange,Jachimczak,F,12/17/2015
10552,4/3/1979,Gabriello,Cabell,M,4/15/2017
10483,5/3/1982,Henrik,Glowacha,M,8/3/2013
16160,11/23/1966,Fraser,Vallance,M,4/1/2010
12632,6/11/1966,Arnie,Seaton,M,6/12/2017
18315,7/11/1973,Cristie,Siccombe,F,6/16/2016
17485,5/7/1966,Giordano,Bache,M,5/16/2012
19948,3/5/1986,Kacie,McAlister,F,8/11/2003
15452,7/11/1993,Garrot,MacCrossan,M,3/1/1999
11465,1/15/1987,Adolph,Echlin,M,9/16/2012
19615,11/3/1988,Augustine,Dugue,M,9/24/2008
11617,10/27/1984,Cahra,Goodrick,F,7/14/2004
11828,11/28/1966,Carree,Crudge,F,6/6/2003
15311,12/26/1981,Othilia,Bladesmith,F,5/17/2013
17831,7/29/1974,Bibby,Rushmere,F,9/18/2011
12342,10/29/1975,Justinian,Enevold,M,4/16/2000
14463,3/24/1976,Cherlyn,Balsdon,F,1/22/2002
18754,5/15/1988,Reade,Rigmond,M,1/1/2006
12992,7/25/1966,Daile,Skures,F,7/5/2012
18308,2/1/1982,Gaspard,Ateridge,M,6/15/2002
18678,6/9/1982,Chickie,Madgwick,F,12/18/2002
19509,5/9/1976,Deloria,Ashcroft,F,1/11/2007
18797,7/18/1968,David,Leacock,M,9/13/2018
13603,5/28/1994,Leeann,Banbrigge,F,1/27/2007
19633,11/2/1983,Lek,Wreakes,M,1/24/2015
13267,6/3/1972,Krista,Potts,F,5/27/2002
10239,7/26/1975,Claudio,Arundel,M,12/12/2005
19203,11/17/1965,Jody,Smythe,M,7/12/2015
11775,11/10/1994,Jilli,Gergher,F,12/3/2007
19981,9/11/1983,Carlyn,Bocke,F,8/28/2013
17134,3/20/1967,Gabriele,Hadgraft,M,5/15/2004
11932,6/2/1981,Amalle,Antognoni,F,10/31/1999
15084,10/5/1980,Dalis,Pleaden,M,1/24/2004
10292,5/9/1971,Ardeen,Maes,F,11/27/2002
15473,2/13/1991,Emmet,Espinazo,M,4/19/2003
15770,5/7/1978,Raviv,Govinlock,M,6/11/2011
17854,4/15/1984,Franklyn,Blencoe,M,12/16/2000
13516,8/3/1992,Patsy,Saddleton,M,8/30/2018
14351,4/11/1986,Denny,Peche,F,1/21/2008
12013,8/22/1980,Levi,Fucher,M,3/31/2016
19930,1/27/1976,Morris,Hindhaugh,M,6/11/2014
17872,12/7/1984,Gussie,Meins,F,4/4/1999
10767,11/2/1992,Adoree,Godfroy,F,6/7/2017
13928,11/11/1966,Dionne,Wyldbore,F,11/30/1998
14988,11/18/1984,Jack,Steele,M,9/30/2009
18955,9/10/1988,Roldan,Dachey,M,5/4/2011
16353,5/3/1977,Loretta,Sunley,F,8/22/2014
13343,5/8/1987,Earl,McHardy,M,1/27/2005
19974,7/9/1969,Koressa,Goulborne,F,12/8/2017
16790,7/24/1979,Laverna,Rens,F,3/15/2015
12136,6/13/1985,Gordan,Goad,M,6/25/2017
11543,10/12/1970,Gerty,McLaggan,F,12/14/2009
14965,1/26/1990,Yovonnda,Mastrantone,F,1/14/2007
14110,1/15/1980,Stormie,Doulden,F,11/29/2017
13920,8/31/1972,Gil,Buscombe,M,6/7/2014
14816,3/17/1987,Elia,Mansfield,M,9/6/2005
14150,12/3/1973,Georgette,Beagley,F,1/12/2003
12186,5/7/1978,Tris,Gwioneth,M,3/28/2010
10538,8/22/1970,Chad,Albery,M,7/6/2003
19322,5/22/1978,Prince,Semaine,M,4/30/2017
19050,2/11/1966,Hodge,Goodhew,M,10/6/2005
19397,6/11/1994,Colette,O'Flaverty,F,10/25/2005
13275,11/1/1985,Donetta,Vasenkov,F,7/3/2019
16958,3/1/1994,Lloyd,Lamb-shine,M,5/1/2000
14820,6/4/1972,Ingeborg,McCosh,F,7/14/2008
18733,10/24/1971,Edan,Dyneley,M,3/27/2000
12903,9/11/1983,Clarence,Pauleit,M,9/1/2012
16487,6/4/1990,Edward,Brockelsby,M,6/4/2014
15283,10/20/1980,Phillie,Fitzackerley,F,1/22/2016
10166,4/15/1966,Estrella,Vise,F,3/21/2013
12679,8/8/1989,Arnie,Matura,M,9/11/2004
15999,3/22/1985,Alaster,Widdicombe,M,4/6/1999
18369,4/11/1986,Esteban,Gillbee,M,4/15/2018
11922,7/31/1977,Cornela,Punchard,F,3/8/2003
13688,5/3/1993,Elysee,Fulham,F,12/14/2018
10053,3/4/1979,Zuzana,Blacklidge,F,1/17/2001
11906,4/14/1987,Carlee,Handrahan,F,4/20/2017
10411,7/13/1989,Lee,Olenchenko,M,1/15/2012
18387,4/9/1968,Bobbie,MacFall,F,1/25/2004
19035,4/5/1979,Corella,Gerrey,F,1/17/2005
18894,7/29/1969,Britt,Lesly,F,9/10/1999
16586,3/22/1985,Kiley,Hauxley,F,1/23/2016
10525,1/7/1968,Kelsi,Dockerty,F,12/8/2018
17770,9/10/1988,Valentijn,Benzi,M,9/22/2015
17280,5/20/1972,Welbie,Klaff,M,2/3/2006
14847,11/5/1979,Dinny,Tythacott,F,2/22/2008
15742,4/17/1987,Victor,Trever,M,9/30/2014
18694,2/18/1992,Lynnea,Turpey,F,4/10/2018
18739,6/6/1979,Aurelie,Lazer,F,4/24/2015
19778,4/17/1994,Roxi,Healing,F,7/17/2013
13187,3/29/1991,Frasier,Purkess,M,2/20/2003
11898,3/11/1989,Ronica,Ryle,F,9/22/2001
13197,5/27/1980,Roth,Limbrick,M,9/30/2019
14136,1/24/1995,Ilaire,Bugbee,M,5/13/2019
10704,8/29/1977,Daisey,Struijs,F,10/19/2015
11436,5/30/1974,Joan,Flagg,F,4/26/2016
16792,5/29/1970,Adora,Krolak,F,6/12/2016
14543,1/19/1987,Rolf,Gilley,M,11/29/2013
15328,12/24/1966,Reilly,Jakaway,M,2/22/2018
15446,12/18/1974,Nigel,Drife,M,6/14/2007
19209,2/18/1984,Charita,Masterson,F,4/25/2004
11911,7/23/1982,Umeko,Loving,F,6/4/2007
17181,3/7/1968,Templeton,Cockshott,M,9/2/2004
17283,1/10/1990,Lorrie,Yukhtin,M,9/13/2019
18746,3/23/1989,Monika,Challener,F,11/13/2002
11884,2/19/1969,Townie,Foulkes,M,12/11/2018
12784,2/27/1972,Marion,Gerritsma,M,10/21/2013
16193,7/13/1972,Dino,Witard,M,3/12/2010
13214,8/1/1994,Towny,Blanch,M,1/20/2014
12520,7/29/1977,Nanette,Leavy,F,4/23/2007
13811,10/30/1969,Davidde,Grubey,M,7/3/2019
18158,11/27/1991,Jermaine,Libbis,M,3/23/2011
10835,8/2/1983,Gavin,Brach,M,9/20/2016
16979,8/23/1995,Terrye,Foukx,F,8/26/2015
12801,4/11/1985,Fedora,Philpot,F,6/27/2000
11782,3/18/1991,Emilia,Ogelsby,F,8/25/2003
18980,10/7/1987,Hendrik,Keizman,M,4/1/2000
11094,7/15/1989,Darcy,Husband,M,3/15/2009
12950,8/17/1989,Cesare,Keyzor,M,7/18/2000
18911,9/11/1974,Timothy,Combe,M,12/24/2008
13724,1/21/1973,Humphrey,Aidler,M,9/28/2018
16791,12/28/1987,Isidoro,Butchart,M,10/29/2009
14798,1/23/1976,Tynan,Gligori,M,8/17/2013
18590,7/21/1981,Almire,Van der Beek,F,11/26/2009
16110,12/31/1980,Linnie,Bus,F,8/12/2006
19624,2/13/1992,Janek,Baybutt,M,6/6/2001
12870,4/16/1990,Cord,Slyme,M,10/4/2006
18313,10/8/1986,Goober,Prester,M,2/9/1999
18858,3/9/1980,Camila,Hatherill,F,11/21/2015
12574,2/6/1968,Zulema,Orrice,F,11/26/2017
10864,2/9/1972,Brendan,Wardingley,M,11/24/2001
13024,8/9/1970,Adelheid,Pendle,F,8/10/2019
10243,12/14/1973,Hurleigh,Genese,M,7/3/2004
19014,1/4/1988,Ulises,Osment,M,10/22/2007
19119,2/18/1985,Kerstin,Waith,F,10/13/2010
13970,12/16/1979,Ransell,Cushworth,M,3/20/2019
19999,7/10/1978,Rockwell,Byllam,M,10/1/2003
13363,11/16/1984,Angelina,Greguol,F,6/1/2019
17329,1/23/1967,Nico,Cassley,M,4/20/2009
17534,8/23/1976,Bancroft,Bow,M,2/4/2010
14953,1/27/1986,Janeva,Carnegy,F,10/23/1999
12025,4/1/1970,Cindi,Lippett,F,10/16/2017
18818,6/22/1979,Jackquelin,Lyster,F,9/6/2011
19144,7/30/1971,Lindie,Coode,F,2/16/1999
19032,1/23/1976,Liv,Morillas,F,3/21/2006
14660,8/25/1984,Scarface,Philipp,M,12/7/1998
18745,5/15/1966,Arlyne,Helian,F,6/23/2011
12452,12/19/1966,Vite,Djuricic,M,10/25/2009
17309,7/15/1993,Reuben,Switsur,M,12/26/2011
12561,11/6/1985,Patrick,Nollet,M,5/19/2013
19853,10/17/1985,Penny,Kleinstub,F,10/28/2017
18715,10/10/1991,Silvio,Hurdman,M,1/18/2010
14227,11/22/1976,Baryram,Durram,M,5/11/2011
12525,2/21/1974,Velvet,Wayt,F,10/21/2008
16956,3/29/1988,Donn,Cullnean,M,10/4/2000
16334,11/30/1990,Randolf,Rammell,M,3/21/2007
14664,8/31/1975,Ginevra,Bruhnsen,F,1/14/1999
10330,3/24/1989,Riva,Twitching,F,3/19/2001
